[
    {
        "id" : "level",
        "path" : "res/images/level.png"
    },
    {
        "id" : "speed",
        "path" : "res/images/speed.png"
    },
    {
        "id": "anger",
        "path" : "res/images/anger.png"
    },
    {
        "id": "candy",
        "path" : "res/images/candy.png"
    },
    {
        "id" : "sugar",
        "path" : "res/images/sugar.png"
    },
    {
        "id" : "chain",
        "path" : "res/images/chain.png"
    },
    {
        "id" : "beach",
        "path" : "res/images/beach.png"
    },
    {
        "id" : "drink",
        "path" : "res/images/drink.png"
    },
    {
        "id" : "faith",
        "path" : "res/images/faith.png"
    },
    {
        "id" : "knife",
        "path" : "res/images/knife.png"

    },
    {
        "id" : "smart",
        "path" : "res/images/smart.png"
    },
    {
        "id" : "trees",
        "path" : "res/images/trees.png"
    },
    {
        "id" : "music",
        "path" : "res/images/music.png"
    },
    {
        "id" : "money",
        "path" : "res/images/money.png"
    },
    {
        "id" : "piece",
        "path" : "res/images/piece.png"
    },
    {
        "id" : "youth",
        "path" : "res/images/youth.png"
    },
    {
        "id" : "watch",
        "path" : "res/images/watch.png"
    },
    {
        "id" : "steel",
        "path" : "res/images/steel.png"
    },
    {
        "id" : "water",
        "path" : "res/images/water.png"
    },
    {
        "id" : "stone",
        "path" : "res/images/stone.png"
    }
]